<!-- The main eww configuration file. This is where your widgets and how they appear on the screen and what they
contain are defined. -->

<eww>
    <definitions>
        <!-- This is the place where you structure your widgets, align them and stuff. -->
        <def name="bar">
            <box class="bar-container" orientation="h">
                <box class="bar" orientation="h" hexpand="false" vexpand="false">
                    <left/>
                    <workspaces/>
                    <right/>
                </box>
            </box>
        </def>

        <def name="right">
            <box class="right" orientation="h" space-evenly="false" halign="end">
                <slider-vol/>
                <slider-light/>
                <time/>
            </box>
        </def>

        <def name="left">
            <box class="left" orientation="h" space-evenly="false" halign="start">
                <slider-bat/>
                <slider-ram/>
            </box>
        </def>

        <def name="workspaces">
            <box orientation="h" class="workspaces" space-evenly="true" halign="center"> <!-- Your workspaces.-->
                <button onclick="wmctrl -s 0">一</button>
                <button onclick="wmctrl -s 1">二</button>
                <button onclick="wmctrl -s 2">三</button> 
                <button onclick="wmctrl -s 3">四</button>
                <button onclick="wmctrl -s 4">五</button>
            </box>
        </def>

        <def name="slider-vol">
            <box orientation="h" class="barslider vol" space-evenly="false">
                <box class="label"></box>
                <scale min="0" max="101" value="{{volume}}" onchange="amixer -D pulse sset Master {}%"/>
            </box>
        </def>

        <def name="slider-light">
            <box orientation="h" class="barslider light" space-evenly="false">
                <box class="label"></box>
                <scale min="0" max="101" value="{{light}}" onchange="xbacklight -set {}"/>
            </box>
        </def>

        <def name="slider-ram">
            <box orientation="h" class="barslider ram" space-evenly="false">
                <box class="label"></box>
                <scale min="0" active="false" max="101" value="{{ram-used}}"/>
            </box>
        </def>

        <def name="slider-bat">
            <box orientation="h" 
                class='barslider bat {{if battery-remaining>50 then "high" else if battery-remaining>10 then "med" else "low"}}'
                space-evenly="false">

            <box class="label {{charge}}">{{if charge=="Charging" then "" else ""}}</box>
            <scale min="0" active="false" max="101" value="{{battery-remaining}}"/>
        </box>
    </def>

    <def name="sliders">
        <box class="sliderbox" space-evenly="false">
            <box orientation="v" class="sliders" space-evenly="false">
                <box orientation="h" class="bigslider light" space-evenly="false">
                    <box class="label"></box>
                    <scale min="0" max="101" value="{{light}}" onchange="xbacklight -set {}"/>
                </box>

                <box orientation="h" class="bigslider ram" space-evenly="false">
                    <box class="label"></box>
                    <scale min="0" active="false" max="101" value="{{ram-used}}"/>
                </box>

                <box orientation="h" 
                    class='bigslider {{if battery-remaining>50 then "high" else if battery-remaining>10 then "med" else "low"}}'
                    space-evenly="false">
                    <box class="label {{charge}}">{{if charge=="Charging" then "" else ""}}</box>
                    <scale min="0" active="false" max="101" value="{{battery-remaining}}"/>
                </box>
            </box>
        </box>
    </def>

    <def name="volume">
        <box class="volumebox" space-evenly="true">
            <box orientation="h" class="volume" space-evenly="false" halign="center" valign="center">
                <box class="label"></box>
                <scale min="0" max="101" value="{{volume}}" onchange="amixer -D pulse sset Master {}%"/>
            </box>
        </box>
    </def>

    <def name="progress">
        <box class="progressbox" space-evenly="true">
            <box orientation="h" class="progress" space-evenly="false" valign="center" halign="center">
                <box class="progresstext">{{displaypos}}</box>
                <scale min="0" max="101" value="{{position/duration * 100}}"/>
                <box class="progresstext">{{displaydur}}</box>
            </box>
        </box>
    </def>

    <def name="time">
        <!--Time-->
        <box class="time">{{hour}}:{{min}}</box>
    </def>


        <def name="musicbox">
            <box class="musicbox" orientation="v">
                <box orientation="h" class="music" valign="center" space-evenly="false">
                    <box halign="start" class="art {{spotart}}" style="background-image: url('{{impath}}');"></box>
                    <!-- <image path="{{impath}}" class="albumart {{spotart}}" height="70" width="70"/> -->
                    <box class="musictext" orientation="v" space-evenly="false" valign="center" halign="start">
                        <label class="title" text="{{music}}" halign="start"/>
                        <label class="artist" text="{{artist}}" halign="start"/>
                    </box>
                </box>
            </box>
        </def>

        <def name="controls">
            <box class="controlbox">
                <box orientation="v" class="controls" valign="center" space-evenly="false">
                    <button class="control" onclick="playerctl next"></button>
                    <button class="control">{{ if playing=="Playing" then "" else "" }}</button>
                    <button class="control last" onclick="playerctl previous"></button>
                </box>
            </box>
        </def>

        <def name="todaybox">
            <box class="todaybox" valign="center" halign="start">
                <box class="today" orientation="v" valign="center" space-evenly="false">
                    <box class="date" space-evenly="false">{{date}}</box>
                    <box class="day" space-evenly="false">{{day}}</box>
                </box>
            </box>
        </def>

        <def name="timebox">
            <box class="timebox" valign="center" halign="center" space-evenly="true">
                <box class="bigtime" halign="center">{{hour}}:{{min}}</box>
            </box>
        </def>

        <def name="mainweather">
            <box class="mainweather-box" space-evenly="true">
                <box class="mainweather" orientation="v" space-evenly="false" valign="center">
                    <box class="sky_icon code-{{sky_icon_code}}" space-evenly="false">{{sky_icon}}</box>
                    <box class="sky" space-evenly="false">{{sky}}</box>
                    <box class="feeling" space-evenly="false">Feels like {{feeling}}°F</box>
                </box>
            </box>
        </def>

        <def name="sideweather">
            <box class="sideweather-box" space-evenly="true" halign="start">
                <box class="sideweather" orientation="v" space-evenly="false" valign="center">
                    <box orientation="h" class="weatherline" space-evenly="false">
                        <box class="weather_icon temp"></box>
                        <box class="weather">{{temp}}°F</box>
                    </box>
                    <box orientation="h" class="weatherline windline" space-evenly="false">
                        <box class="weather_icon wind"></box>
                        <box class="weather">{{wind}} m/h</box>
                    </box>
                    <box orientation="h" class="weatherline lastline" space-evenly="false">
                        <box class="weather_icon humidity"></box>
                        <box class="weather">{{humidity}}%</box>
                    </box>
                </box>
            </box>
        </def>

        <def name="stats">
            <box class="statbox" space-evenly="true">
                <box orientation="h" class="volume" space-evenly="false" halign="center" valign="center">
                    <box class="first" space-evenly="false" valign="center">
                        <box class="label cpu"></box>
                        <label class="stat" text="{{cpu*1.0}}" valign="center"/>
                    </box>
                    <box space-evenly="false" valign="center">
                        <box class="label ram"></box>
                        <label class="stat" text="{{ram-used*1.0}}" valign="center"/>
                    </box>
                </box>
            </box>
        </def>

    </definitions>

    <variables>
        <!-- Music vars -->
        <script-var name="inlinexml" interval="250ms">cat ~/.config/eww/data/xml</script-var>
        <script-var name="music" interval="250ms">~/.config/eww/scripts/gettitle</script-var>
        <script-var name="artist" interval="250ms">~/.config/eww/scripts/getartist</script-var>
        <script-var name="impath" interval="250ms">echo "/home/pradyungn/.config/eww/temp.jpg"</script-var>
        <script-var name="spotart" interval="3s">~/.config/eww/scripts/spotart</script-var>
        <script-var name="position" interval="250ms">echo "/home/pradyungn/.config/eww/temp.jpg"</script-var>
        <script-var name="duration" interval="250ms">cat ~/.config/eww/data/duration</script-var>
        <script-var name="position" interval="250ms">cat ~/.config/eww/data/position</script-var>
        <script-var name="displaypos" interval="250ms">cat ~/.config/eww/data/displaypos</script-var>
        <script-var name="displaydur" interval="250ms">cat ~/.config/eww/data/displayduration</script-var>
        <script-var name="playing" interval="250ms">cat ~/.config/eww/data/status</script-var>

        <!--Volume var-->
        <script-var name="volume" interval="500ms">~/.config/eww/scripts/getvol</script-var>

        <!--Date vars-->
        <script-var name="min" interval="10s">date "+%M"</script-var>
        <script-var name="hour" interval="1m">date "+%H"</script-var>

        <script-var name="date" interval="10m">date | cut -d " " -f 2-4</script-var>
        <script-var name="day" interval="10m">date | cut -d " " -f 1</script-var>

        <!--utilization vars-->
        <script-var name="ram-used" interval="1s">~/.config/eww/scripts/getram</script-var>
        <script-var name="cpu" interval="1s">~/.config/eww/scripts/getcpu</script-var>

        <!--Battery charge var-->
        <script-var name="battery-remaining" interval="2m">~/.config/eww/scripts/getcharge</script-var>
        <script-var name="charge" interval="10s">cat /sys/class/power_supply/BAT0/status</script-var>

        <!-- Backlight -->
        <script-var name="light" interval="500ms">xbacklight -get</script-var>

        <!-- Weather Data -->
        <script-var name="sky" interval="10m">~/.config/eww/scripts/weather;</script-var>
        <script-var name="temp" interval="10m">sleep 3; cat ~/.config/eww/data/temp;</script-var>
        <script-var name="feeling" interval="10m">sleep 3; cat ~/.config/eww/data/feeling</script-var>
        <script-var name="humidity" interval="10m">sleep 3; cat ~/.config/eww/data/humidity</script-var>
        <script-var name="wind" interval="10m">sleep 3; cat ~/.config/eww/data/wind</script-var>
        <script-var name="sky_icon" interval="10m">sleep 3; cat ~/.config/eww/data/icon</script-var>
        <script-var name="sky_icon_code" interval="10m">sleep 3; cat ~/.config/eww/data/icon_code</script-var>
    </variables>

    <windows>
        <window name="bar" screen="0" stacking="bg">
            <geometry anchor= "top left" x="25%" y="20px" width="50%" height="4%"/> <!--Specifies geometry-->
            <reserve side="top" distance="4%"/>
            <widget>
                <bar/>
            </widget>
        </window>

        <window name="widgets" screen="0" stacking="fg" focusable="true">
            <geometry anchor= "top left" width="100%" height="100%"/> <!--Specifies geometry-->
            <widget>
                <box class="screen" space-evenly="true">
                    <box orientation="v" valign="center" halign="center" space-evenly="false">
                        <box orientation="h" space-evenly="false">
                            <box orientation="v" space-evenly="false">
                                <musicbox/>
                                <progress/>
                            </box>
                            <controls/>
                        </box>
                        <box orientation="h" space-evenly="false" class="statgroup">
                            <volume/>
                            <stats/>
                        </box>
                        <box orientation="h" space-evenly="false" class="weathergroup">
                            <mainweather/>
                            <sideweather/>
                        </box>
                    </box>
                </box>
            </widget>
        </window>
    </windows>
</eww>
